Date,Description,Amount,Running Bal.,
2023-08-01,Beginning balance as of 08/01/2023,,0,
2023-08-24,Counter Credit,100,100,
2023-08-29,SQ *OLIVA 08/28 MOBILE PURCHASE Jersey City NJ,-10.18,89.82,
2023-08-30,SQ *OLIVA 08/29 MOBILE PURCHASE Jersey City NJ,-4.19,85.63,
2023-08-30,SQ *WHISTLE & FIZZ 08/29 MOBILE PURCHASE New York NY,-4.9,80.73,
2023-08-30,TARGET 00034116 08/29 MOBILE PURCHASE NEW YORK NY,-24.81,55.92,
2023-09-05,Online Banking transfer from SAV 0485 Confirmation# XXXXX83825,7.59,63.51,
2023-09-05,KARAKATTA 09/01 MOBILE PURCHASE NEW YORK NY,-23.78,39.73,
2023-09-05,MTA*NYCT PAYGO 09/02 MOBILE PURCHASE NEW YORK NY,-2.9,36.83,
2023-09-05,MTA*NYCT PAYGO 09/03 MOBILE PURCHASE NEW YORK NY,-2.9,33.93,
2023-09-05,SQ *OLIVA 09/03 MOBILE PURCHASE Jersey City NJ,-12.16,21.77,
2023-09-05,SQ *BLUE BOTTLE COFFEE 09/03 MOBILE PURCHASE New York NY,-9.21,12.56,
2023-09-05,MTA*NYCT PAYGO 09/03 MOBILE PURCHASE NEW YORK NY,-2.9,9.66,
2023-09-05,MTA*NYCT PAYGO 09/03 MOBILE PURCHASE NEW YORK NY,-2.9,6.76,
2023-09-05,MORTON WILLIAM 09/04 MOBILE PURCHASE NEW YORK NY,-1.67,5.09,
2023-09-06,CMSVEND*CV AVENEL 09/05 MOBILE PURCHASE AVENEL NJ,-2.5,2.59,
2023-09-08,Online Banking transfer from SAV 0485 Confirmation# XXXXX47724,100,102.59,
2023-09-11,CMSVEND*CV AVENEL 09/08 MOBILE PURCHASE AVENEL NJ,-2.6,99.99,
2023-09-11,MTA*NYCT PAYGO RECOVER 09/09 PURCHASE 718-330-1234 NY,-2.9,97.09,
2023-09-11,MTA*NYCT PAYGO 09/10 MOBILE PURCHASE NEW YORK NY,-2.9,94.19,
2023-09-11,LIBERTY NEWS AND GIFTS 09/10 MOBILE PURCHASE NEW YORK NY,-2.25,91.94,
2023-09-11,MTA*NYCT PAYGO 09/10 MOBILE PURCHASE NEW YORK NY,-2.9,89.04,
2023-09-11,FIV*GONG CHA 09/10 MOBILE PURCHASE NEW YORK NY,-6.26,82.78,
2023-09-13,MTA*NYCT PAYGO 09/11 MOBILE PURCHASE NEW YORK NY,-2.9,79.88,
2023-09-13,MTA*NYCT PAYGO 09/11 MOBILE PURCHASE NEW YORK NY,-2.9,76.98,
2023-09-13,SQ *UNION SQUARE 09/12 MOBILE PURCHASE New York NY,-7.89,69.09,
2023-09-14,THE STONEWALL INN 09/13 MOBILE PURCHASE NEW YORK NY,-10,59.09,
2023-09-15,MTA*NYCT PAYGO 09/13 MOBILE PURCHASE NEW YORK NY,-2.9,56.19,
2023-09-18,MTA*NYCT PAYGO 09/14 MOBILE PURCHASE NEW YORK NY,-2.9,53.29,
2023-09-18,MTA*NYCT PAYGO 09/14 MOBILE PURCHASE NEW YORK NY,-2.9,50.39,
2023-09-18,MTA*NYCT PAYGO 09/15 MOBILE PURCHASE NEW YORK NY,-2.9,47.49,
2023-09-18,CMSVEND*CV AVENEL 09/15 MOBILE PURCHASE AVENEL NJ,-2.75,44.74,
2023-09-18,MTA*NYCT PAYGO 09/15 MOBILE PURCHASE NEW YORK NY,-2.9,41.84,
2023-09-18,CMSVEND*CV AVENEL 09/16 MOBILE PURCHASE AVENEL NJ,-2.5,39.34,
2023-09-25,VZ WIRELESS VE DES:VZW WEBPAY ID:6244512 INDN:SHIWEI *HE CO ID:XXXXX51800 WEB,-203.84,-164.5,
2023-09-25,VZ WIRELESS VE DES:VZW WEBPAY ID:6485550 INDN:SHIWEI *HE CO ID:XXXXX51800 WEB,-200,-364.5,
2023-09-26,RETURN OF POSTED CHECK / ITEM (RECEIVED ON 09-25) ELECTRONIC TRANSACTION,203.84,-160.66,
2023-09-26,RETURN OF POSTED CHECK / ITEM (RECEIVED ON 09-25) ELECTRONIC TRANSACTION,200,39.34,
2023-10-03,Online Banking transfer from SAV 0485 Confirmation# XXXXX63077,500,539.34,
2023-10-05,VERIZON WRL MY ACCT VN 10/03 PURCHASE XXX-XX20204 CA,-403.84,135.5,
2023-10-10,BKOFAMERICA ATM 10/10 #XXXXX7165 DEPOSIT SOHO NEW YORK NY,"1,000.00","1,135.50",
2023-10-10,FAFU TRADITIONAL CHINES 10/07 MOBILE PURCHASE FLUSHING NY,-10.88,"1,124.62",
2023-10-10,NYU STARBUCKS CAFE 10/07 MOBILE PURCHASE NEW YORK NY,-3.54,"1,121.08",
2023-10-10,MTA*PATH SMART 10/07 PURCHASE NEW YORK NY,-26,"1,095.08",
2023-10-11,SQ *MATTO NYU 10/10 MOBILE PURCHASE New York NY,-2.72,"1,092.36",
2023-10-11,SQ *MATTO NYU 10/10 MOBILE PURCHASE New York NY,-6.44,"1,085.92",
2023-10-11,SQ *CHINELOS TACOSNYC2 10/10 MOBILE PURCHASE Corona NY,-11.98,"1,073.94",
2023-10-11,"Zelle payment to BOLIN XIAO for Pocket money to my son :)""; Conf# ku0yrsx8v""",-200.01,873.93,
2023-10-12,SQ *MATTO APP 10/11 PURCHASE gosq.com NY,-10,863.93,
2023-10-12,SQ *CHINELOS TACOSNYC2 10/11 MOBILE PURCHASE Corona NY,-11.98,851.95,
2023-10-12,VZWRLSS*APOCC VISN 10/12 PURCHASE 800-922-0204 FL,-481.49,370.46,
2023-10-13,SQ *MATTO APP 10/12 PURCHASE gosq.com NY,-10,360.46,
2023-10-13,SQ *CHINELOS TACOS 10/12 MOBILE PURCHASE SOUTH RICHMON NY,-5.44,355.02,
2023-10-16,MCDONALD'S F13654 10/13 MOBILE PURCHASE JERSEY CITY NJ,-8.83,346.19,
2023-10-16,MTA*NYCT PAYGO 10/14 MOBILE PURCHASE NEW YORK NY,-2.9,343.29,
2023-10-16,NYU STARBUCKS CAFE 10/14 MOBILE PURCHASE NEW YORK NY,-4.84,338.45,
2023-10-16,FOOD LOVERS CORP. 10/14 MOBILE PURCHASE ASTORIA NY,-11.5,326.95,
2023-10-16,RED FEAST WINE & LIQUOR 10/14 MOBILE PURCHASE JERSEY CITY NJ,-13.85,313.1,
2023-10-16,DUANE READE #14402 10/14 MOBILE PURCHASE JERSEY CITY NJ,-4.78,308.32,
2023-10-16,CMSVEND*CV AVENEL 10/15 PURCHASE AVENEL NJ,-3.75,304.57,
2023-10-16,MCDONALD'S F10407 10/15 MOBILE PURCHASE NEW YORK NY,-6.85,297.72,
2023-10-17,NYU STARBUCKS CAFE 10/15 MOBILE PURCHASE NEW YORK NY,-4.91,292.81,
2023-10-17,TST* Uncle Teds Modern 10/16 MOBILE PURCHASE New York NY,-43.15,249.66,
2023-10-17,SQ *MATTO APP 10/16 PURCHASE gosq.com NY,-10,239.66,
2023-10-17,CHIPOTLE 0590 10/16 MOBILE PURCHASE NEW YORK NY,-19.6,220.06,
2023-10-18,CHIPOTLE 0590 10/17 MOBILE PURCHASE NEW YORK NY,-11.92,208.14,
2023-10-19,TST* LITTLE BEET - NEWP 10/18 MOBILE PURCHASE JERSEY CITY NJ,-16.85,191.29,
2023-10-19,SQ *MATTO APP 10/18 PURCHASE gosq.com NY,-10,181.29,
2023-10-19,CHIPOTLE 0590 10/18 MOBILE PURCHASE NEW YORK NY,-11.92,169.37,
2023-10-19,MTA*PATH SMART 10/19 PURCHASE NEW YORK NY,-26,143.37,
2023-10-20,MTA*NYCT PAYGO 10/18 MOBILE PURCHASE NEW YORK NY,-2.9,140.47,
2023-10-20,VILLAGE CRAFT BEER & SM 10/18 MOBILE PURCHASE NEW YORK NY,-6.23,134.24,
2023-10-20,CHIPOTLE 0590 10/19 MOBILE PURCHASE NEW YORK NY,-11.92,122.32,
2023-10-20,CHIPOTLE 0590 10/19 MOBILE PURCHASE NEW YORK NY,-11.92,110.4,
2023-10-23,Online Banking transfer from SAV 0485 Confirmation# XXXXX52757,700,810.4,
2023-10-23,SQ *OLIVA 10/20 MOBILE PURCHASE Jersey City NJ,-6.28,804.12,
2023-10-23,MTA*NYCT PAYGO 10/21 MOBILE PURCHASE NEW YORK NY,-2.9,801.22,
2023-10-23,CMSVEND*CV AVENEL 10/21 MOBILE PURCHASE AVENEL NJ,-1.5,799.72,
2023-10-23,CMSVEND*CV AVENEL 10/21 MOBILE PURCHASE AVENEL NJ,-2.5,797.22,
2023-10-23,CMSVEND*CV AVENEL 10/21 MOBILE PURCHASE AVENEL NJ,-1.5,795.72,
2023-10-23,TRADER JOE S # 10/21 MOBILE PURCHASE NEW YORK NY,-73.13,722.59,
2023-10-24,NYU STARBUCKS CAFE 10/22 MOBILE PURCHASE NEW YORK NY,-4.63,717.96,
2023-10-24,TST* ANI RAMEN HOUSE - 10/22 MOBILE PURCHASE JERSEY CITY NJ,-17.96,700,
2023-10-25,MTA*NYCT PAYGO RECOVER 10/24 PURCHASE 718-330-1234 NY,-2.9,697.1,
2023-10-26,MTA*NYCT PAYGO 10/25 MOBILE PURCHASE NEW YORK NY,-2.9,694.2,
2023-10-26,SQ *MATTO APP 10/25 PURCHASE gosq.com NY,-10,684.2,
2023-10-27,MTA*NYCT PAYGO 10/25 MOBILE PURCHASE NEW YORK NY,-2.9,681.3,
2023-10-27,CMSVEND*CV AVENEL 10/26 MOBILE PURCHASE AVENEL NJ,-2.5,678.8,
2023-10-30,GoFundMe Liangchen Jian 10/27 PURCHASE Redwood City CA,-42,636.8,
2023-10-30,SQ *OLIVA 10/27 MOBILE PURCHASE Jersey City NJ,-9.45,627.35,
2023-10-30,UNCLE MOMO 10/28 MOBILE PURCHASE JERSEY CITY NJ,-48.72,578.63,
2023-10-31,CHIPOTLE 0590 10/30 MOBILE PURCHASE NEW YORK NY,-12.19,566.44,
2023-11-02,CVS PHARMACY # 11/01 MOBILE PURCHASE JERSEY CITY NJ,-15.97,550.47,
2023-11-03,MTA*NYCT PAYGO 11/01 MOBILE PURCHASE NEW YORK NY,-2.9,547.57,
2023-11-06,VERIZON BILL PAYMENT 11/03 PURCHASE VERIZON.COM FL,-199.98,347.59,
2023-11-06,NYU STARBUCKS CAFE 11/04 MOBILE PURCHASE NEW YORK NY,-5.72,341.87,
2023-11-06,NYU STARBUCKS CAFE 11/04 MOBILE PURCHASE NEW YORK NY,-4.3,337.57,
2023-11-06,CHIPOTLE 0590 11/04 MOBILE PURCHASE NEW YORK NY,-12.19,325.38,
2023-11-06,CHIPOTLE 0590 11/05 MOBILE PURCHASE NEW YORK NY,-12.19,313.19,
2023-11-07,NYU STARBUCKS CAFE 11/05 MOBILE PURCHASE NEW YORK NY,-5.17,308.02,
2023-11-07,NYU STARBUCKS CAFE 11/05 MOBILE PURCHASE NEW YORK NY,-6.81,301.21,
2023-11-07,SQ *MATTO APP 11/06 PURCHASE gosq.com NY,-10,291.21,
2023-11-07,CMSVEND*CV AVENEL 11/06 PURCHASE AVENEL NJ,-3,288.21,
2023-11-07,Duane Reade ST 11/06 MOBILE PURCHASE JERSEY CITY NJ,-3.49,284.72,
2023-11-07,Duane Reade ST 11/06 MOBILE PURCHASE JERSEY CITY NJ,-8.18,276.54,
2023-11-08,SQ *MATTO APP 11/07 PURCHASE gosq.com NY,-10,266.54,
2023-11-08,Duane Reade ST 11/07 MOBILE PURCHASE JERSEY CITY NJ,-1.99,264.55,
2023-11-09,VILLAGE CRAFT BEER & SM 11/07 MOBILE PURCHASE NEW YORK NY,-9.36,255.19,
2023-11-09,SQ *MATTO APP 11/08 PURCHASE gosq.com NY,-10,245.19,
2023-11-09,CHIPOTLE 0590 11/08 MOBILE PURCHASE NEW YORK NY,-12.19,233,
2023-11-10,SQ *MATTO APP 11/09 PURCHASE gosq.com NY,-20,213,
2023-11-10,CHIPOTLE 0590 11/09 MOBILE PURCHASE NEW YORK NY,-12.19,200.81,
2023-11-13,CHIPOTLE 0590 11/10 MOBILE PURCHASE NEW YORK NY,-14.1,186.71,
2023-11-13,MTA*NYCT PAYGO 11/11 MOBILE PURCHASE NEW YORK NY,-2.9,183.81,
2023-11-13,SQ *CAFE EAST INC. 11/11 MOBILE PURCHASE New York NY,-13.01,170.8,
2023-11-13,MTA*NYCT PAYGO 11/11 MOBILE PURCHASE NEW YORK NY,-2.9,167.9,
2023-11-13,SQ *OLIVA 11/11 MOBILE PURCHASE Jersey City NJ,-10.27,157.63,
2023-11-13,MTA*PATH SMART 11/12 PURCHASE NEW YORK NY,-26,131.63,
2023-11-13,CHIPOTLE 0590 11/12 MOBILE PURCHASE NEW YORK NY,-12.19,119.44,
2023-11-13,CHIPOTLE 0590 11/12 MOBILE PURCHASE NEW YORK NY,-12.19,107.25,
2023-11-14,NYU STARBUCKS CAFE 11/12 MOBILE PURCHASE NEW YORK NY,-6.81,100.44,
2023-11-14,SQ *MATTO APP 11/13 PURCHASE gosq.com NY,-20,80.44,
2023-11-14,Subway 1859 11/13 MOBILE PURCHASE New York NY,-10.74,69.7,
2023-11-15,Online Banking transfer from SAV 0485 Confirmation# XXXXX44737,500,569.7,
2023-11-15,SQ *MATTO APP 11/14 PURCHASE gosq.com NY,-10,559.7,
2023-11-15,Subway 1859 11/14 MOBILE PURCHASE New York NY,-8.15,551.55,
2023-11-16,MTA*NYCT PAYGO 11/14 MOBILE PURCHASE NEW YORK NY,-2.9,548.65,
2023-11-16,MACHI MACHI (KIOSK) 11/14 MOBILE PURCHASE XXX-XX305592 IL,-7.03,541.62,
2023-11-16,TST* BB.Q CHICKEN USA - 11/14 MOBILE PURCHASE NEW YORK NY,-15.23,526.39,
2023-11-16,SQ *MATTO APP 11/15 PURCHASE gosq.com NY,-15,511.39,
2023-11-16,CHIPOTLE 0590 11/15 MOBILE PURCHASE NEW YORK NY,-11.39,500,
2023-11-20,Online Banking transfer from SAV 0485 Confirmation# XXXXX14651,150,650,
2023-11-20,VZWRLSS*APOCC VISN 11/18 PURCHASE 800-922-0204 FL,-465.3,184.7,
2023-11-20,NYU STARBUCKS CAFE 11/18 MOBILE PURCHASE NEW YORK NY,-5.17,179.53,
2023-11-20,Subway 1859 11/18 MOBILE PURCHASE New York NY,-16.32,163.21,
2023-11-20,Duane Reade ST 11/18 MOBILE PURCHASE JERSEY CITY NJ,-6.7,156.51,
2023-11-20,CMSVEND*CV AVENEL 11/19 PURCHASE AVENEL NJ,-2.5,154.01,
2023-11-20,Subway 1859 11/19 PURCHASE XXX-XX681222 NY,-11.16,142.85,
2023-11-20,CMSVEND*CV AVENEL 11/19 MOBILE PURCHASE AVENEL NJ,-1.5,141.35,
2023-11-20,TRADER JOE S # 11/19 MOBILE PURCHASE NEW YORK NY,-83.5,57.85,
2023-11-21,Monthly Maintenance Fee,-12,45.85,
2023-11-27,CMSVEND*CV AVENEL 11/25 MOBILE PURCHASE AVENEL NJ,-1.5,44.35,
2023-11-27,SQ *THINK COFFEE MERCER 11/25 MOBILE PURCHASE New York NY,-5.72,38.63,
2023-11-27,MTA*PATH SMART 11/26 PURCHASE NEW YORK NY,-26,12.63,
2023-11-27,MTA*NYCT PAYGO 11/26 MOBILE PURCHASE NEW YORK NY,-2.9,9.73,
2023-11-27,CMSVEND*CV AVENEL 11/26 MOBILE PURCHASE AVENEL NJ,-1.5,8.23,
2023-12-01,MTA*NYCT PAYGO 11/29 MOBILE PURCHASE NEW YORK NY,-2.9,5.33,
2023-12-01,CMSVEND*CV AVENEL 11/30 MOBILE PURCHASE AVENEL NJ,-2.5,2.83,
2023-12-04,Online Banking transfer from SAV 0485 Confirmation# XXXXX85276,"1,000.00","1,002.83",
2023-12-07,NYU BOOKSTORE #2015 12/05 MOBILE PURCHASE NEW YORK NY,-20.8,982.03,
2023-12-08,SQ *MATTO APP 12/07 PURCHASE gosq.com NY,-10,972.03,
2023-12-08,Subway 1859 12/07 PURCHASE XXX-XX681222 NY,-11.16,960.87,
2023-12-11,SQ *MATTO APP 12/08 PURCHASE gosq.com NY,-10,950.87,
2023-12-11,Subway 1859 12/09 MOBILE PURCHASE New York NY,-8.15,942.72,
2023-12-11,Subway 1859 12/09 PURCHASE XXX-XX681222 NY,-13.05,929.67,
2023-12-11,NYU STARBUCKS CAFE 12/09 MOBILE PURCHASE NEW YORK NY,-5.5,924.17,
2023-12-12,Subway 1859 12/11 PURCHASE XXX-XX681222 NY,-8.15,916.02,
2023-12-13,TST* SPRING CAFE - NYC 12/11 MOBILE PURCHASE New York NY,-6.53,909.49,
2023-12-13,VZWRLSS*APOCC VISN 12/12 PURCHASE 800-922-0204 FL,-233.24,676.25,
2023-12-13,VERIZON*RECURRING PAY 12/12 PURCHASE 800-VERIZON FL,-89.99,586.26,
2023-12-13,SQ *MATTO APP 12/12 PURCHASE gosq.com NY,-15,571.26,
2023-12-13,Subway 1859 12/12 PURCHASE XXX-XX681222 NY,-13.05,558.21,
2023-12-13,MTA*PATH SMART 12/13 PURCHASE NEW YORK NY,-26,532.21,
2023-12-14,CMSVEND*CV AVENEL 12/13 PURCHASE AVENEL NJ,-2.75,529.46,
2023-12-14,GROVE SMOKE SHOP 12/13 MOBILE PURCHASE JERSEY CITY NJ,-6,523.46,
2023-12-15,Subway 1859 12/14 MOBILE PURCHASE New York NY,-8.15,515.31,
2023-12-18,MTA*NYCT PAYGO 12/14 MOBILE PURCHASE NEW YORK NY,-2.9,512.41,
2023-12-19,Duane Reade ST 12/19 MOBILE PURCHASE JERSEY CITY NJ,-7.28,505.13,
2023-12-20,McDonalds 13654 12/18 PURCHASE JERSEY CITY NJ,-21.07,484.06,
2023-12-20,Monthly Maintenance Fee,-12,472.06,
2023-12-21,McDonalds 13654 12/19 PURCHASE JERSEY CITY NJ,-16.81,455.25,
2023-12-21,AMAZON GROCE*877OR2HY3 12/20 PURCHASE SEATTLE WA,-50.84,404.41,
2023-12-21,CMSVEND*CV AVENEL 12/20 MOBILE PURCHASE AVENEL NJ,-1.5,402.91,
2023-12-21,CMSVEND*CV AVENEL 12/20 MOBILE PURCHASE AVENEL NJ,-2.5,400.41,
2023-12-21,SQ *SHAKE SHACK 12/20 MOBILE PURCHASE Jersey City NJ,-13.09,387.32,
2023-12-22,SQ *MATTO APP 12/21 PURCHASE gosq.com NY,-10,377.32,
2023-12-22,Duane Reade ST 12/21 MOBILE PURCHASE JERSEY CITY NJ,-3.81,373.51,
2023-12-22,NYU HEALTH CTR 12/22 MOBILE PURCHASE NEW YORK NY,-20,353.51,
2023-12-26,NYU STARBUCKS CAFE 12/21 MOBILE PURCHASE NEW YORK NY,-7.13,346.38,
2023-12-26,MTA*NYCT PAYGO 12/21 MOBILE PURCHASE NEW YORK NY,-2.9,343.48,
2023-12-26,MTA*NYCT PAYGO 12/22 MOBILE PURCHASE NEW YORK NY,-2.9,340.58,
2023-12-26,NYU STARBUCKS CAFE 12/22 MOBILE PURCHASE NEW YORK NY,-11.43,329.15,
2023-12-26,Subway 1859 12/22 MOBILE PURCHASE New York NY,-13.05,316.1,
2023-12-26,Duane Reade ST 12/22 MOBILE PURCHASE JERSEY CITY NJ,-1.99,314.11,
2023-12-26,Duane Reade ST 12/24 MOBILE PURCHASE JERSEY CITY NJ,-10.77,303.34,
2023-12-26,MTA*NYCT PAYGO 12/25 MOBILE PURCHASE NEW YORK NY,-2.9,300.44,
2023-12-27,AMAZON GROCE*6S32M5T63 12/24 PURCHASE SEATTLE WA,-57.33,243.11,
2023-12-27,MTA*NYCT PAYGO 12/25 MOBILE PURCHASE NEW YORK NY,-2.9,240.21,
2023-12-28,Online Banking transfer from SAV 0485 Confirmation# XXXXX54358,500,740.21,
2023-12-28,STARBUCKS 54878 12/26 MOBILE PURCHASE NEW YORK NY,-12.74,727.47,
2023-12-28,Shanghai 21 12/26 MOBILE PURCHASE New York NY,-60.59,666.88,
2023-12-28,MTA*NYCT PAYGO 12/26 MOBILE PURCHASE NEW YORK NY,-2.9,663.98,
2023-12-28,AMAZON TIPS*LR7WS61E3 12/27 PURCHASE SEATTLE WA,-5,658.98,
2024-01-02,AMAZON GROCE*ZL8IM3PZ3 12/28 PURCHASE SEATTLE WA,-109.81,549.17,
2024-01-02,AMAZON TIPS*ND6T06G83 12/30 PURCHASE SEATTLE WA,-5,544.17,
2024-01-02,ORGANIC TOWN DELI AND G 12/31 MOBILE PURCHASE RIDGEWOOD NY,-8.32,535.85,
2024-01-02,MTA*PATH SMART 01/02 PURCHASE NEW YORK NY,-26,509.85,
2024-01-03,BREWSHOTCAFE_1 01/02 MOBILE PURCHASE JERSEY CITY NJ,-4.42,505.43,
2024-01-04,BISMILLAH GIFT CORP 01/02 MOBILE PURCHASE NEW YORK NY,-10,495.43,
2024-01-04,TST* FRESH & CO - 729 B 01/02 MOBILE PURCHASE NEW YORK NY,-11.94,483.49,
2024-01-04,TST* SPRING CAFE - NYC 01/02 MOBILE PURCHASE New York NY,-4.36,479.13,
2024-01-05,Subway 1859 01/04 MOBILE PURCHASE New York NY,-8.15,470.98,
2024-01-05,SQ *MATTO APP 01/04 PURCHASE gosq.com NY,-10,460.98,
2024-01-08,AMAZON GROCE*TK7RG1Z91 01/04 PURCHASE SEATTLE WA,-110.21,350.77,
2024-01-08,Subway 1859 01/05 MOBILE PURCHASE New York NY,-9.15,341.62,
2024-01-08,AMZN MKTP US*TK4V67AN1 01/06 PURCHASE SEATTLE WA,-21.3,320.32,
2024-01-08,AMAZON TIPS*TK8CZ1EQ1 01/06 PURCHASE SEATTLE WA,-5,315.32,
2024-01-08,MTA*NYCT PAYGO 01/07 MOBILE PURCHASE NEW YORK NY,-2.9,312.42,
2024-01-09,TEAZZI TEA SHOP-JERSEY 01/08 MOBILE PURCHASE JERSEY CITY NJ,-8.26,304.16,
2024-01-11,SQ *MATTO APP 01/10 PURCHASE gosq.com NY,-10,294.16,
2024-01-12,Online Banking transfer from SAV 0485 Confirmation# XXXXX60993,500,794.16,
2024-01-12,VZWRLSS*APOCC VISN 01/12 PURCHASE 800-922-0204 FL,-216.52,577.64,
2024-01-16,VERIZON*RECURRING PAY 01/12 PURCHASE 800-VERIZON FL,-89.99,487.65,
2024-01-16,SQ *MATTO APP 01/12 PURCHASE gosq.com NY,-15,472.65,
2024-01-16,CARIBBEAN KING 01/12 MOBILE PURCHASE BROOKLYN NY,-5.64,467.01,
2024-01-16,DELI PLUS 01/12 MOBILE PURCHASE JERSEY CITY NJ,-9.83,457.18,
2024-01-16,MTA*NYCT PAYGO 01/13 MOBILE PURCHASE NEW YORK NY,-2.9,454.28,
2024-01-16,SQ *CAFE #65229 59TH & 01/13 MOBILE PURCHASE New York NY,-10.89,443.39,
2024-01-16,MTA*NYCT PAYGO 01/13 MOBILE PURCHASE NEW YORK NY,-2.9,440.49,
2024-01-16,MTA*NYCT PAYGO 01/14 MOBILE PURCHASE NEW YORK NY,-2.9,437.59,
2024-01-16,CMSVEND*CV AVENEL 01/14 MOBILE PURCHASE AVENEL NJ,-1.5,436.09,
2024-01-16,Duane Reade ST 01/15 MOBILE PURCHASE JERSEY CITY NJ,-3.49,432.6,
2024-01-16,SQ *SHAKE SHACK 01/15 MOBILE PURCHASE Jersey City NJ,-5.75,426.85,
2024-01-19,MTA*NYCT PAYGO 01/17 MOBILE PURCHASE NEW YORK NY,-2.9,423.95,
2024-01-19,SQ *MATTO APP 01/18 PURCHASE gosq.com NY,-10,413.95,
2024-01-19,CHIPOTLE 0590 01/18 MOBILE PURCHASE NEW YORK NY,-12.19,401.76,
2024-01-22,TST* PEPPERCORN STATION 01/19 MOBILE PURCHASE Jersey City NJ,-36.14,365.62,
2024-01-22,CMSVEND*CV AVENEL 01/20 MOBILE PURCHASE AVENEL NJ,-1.5,364.12,
2024-01-22,CHIPOTLE 0590 01/20 MOBILE PURCHASE NEW YORK NY,-12.19,351.93,
2024-01-22,AMAZON GROCE*R88SQ3HI2 01/20 PURCHASE SEATTLE WA,-117.24,234.69,
2024-01-22,LinkedIn XXXXX66344 01/21 PURCHASE XXX-XX35653 CA,-20,214.69,
2024-01-22,CMSVEND*CV AVENEL 01/21 MOBILE PURCHASE AVENEL NJ,-2.5,212.19,
2024-01-22,Duane Reade ST 01/22 MOBILE PURCHASE JERSEY CITY NJ,-6.78,205.41,
2024-01-23,AMAZON TIPS*R82PP5531 01/22 PURCHASE SEATTLE WA,-7,198.41,
2024-01-23,SQ *295 GROVE ST 01/22 MOBILE PURCHASE Jersey City NJ,-6,192.41,
2024-01-23,MTA*PATH SMART 01/23 PURCHASE NEW YORK NY,-26,166.41,
2024-01-23,NYU HEALTH CTR 01/23 MOBILE PURCHASE NEW YORK NY,-20,146.41,
2024-01-23,Monthly Maintenance Fee,-12,134.41,
2024-01-24,Online Banking transfer from SAV 0485 Confirmation# XXXXX16196,500,634.41,
2024-01-24,RED FEAST WINE & LIQUOR 01/22 MOBILE PURCHASE JERSEY CITY NJ,-13.85,620.56,
2024-01-24,SQ *MATTO APP 01/23 PURCHASE gosq.com NY,-15,605.56,
2024-01-24,CHIPOTLE 0590 01/23 MOBILE PURCHASE NEW YORK NY,-12.19,593.37,
2024-01-24,CMSVEND*CV AVENEL 01/23 PURCHASE AVENEL NJ,-2.75,590.62,
2024-01-25,RAMINI ESPRESSO BAR 01/24 MOBILE PURCHASE NEW YORK NY,-5.2,585.42,
2024-01-26,MTA*NYCT PAYGO 01/24 MOBILE PURCHASE NEW YORK NY,-2.9,582.52,
2024-01-26,CHIPOTLE 0590 01/25 MOBILE PURCHASE NEW YORK NY,-12.19,570.33,
2024-01-29,DREAM VISTA 01/27 MOBILE PURCHASE JERSEY CITY NJ,-12.2,558.13,
2024-01-29,DREAM VISTA 01/27 MOBILE PURCHASE JERSEY CITY NJ,-4.5,553.63,
2024-01-29,SQ *THE MANHATTAN MONST 01/27 MOBILE PURCHASE New York NY,-8,545.63,
2024-01-30,CHIPOTLE 0590 01/29 MOBILE PURCHASE NEW YORK NY,-12.19,533.44,
2024-01-30,NYU HEALTH CTR 01/30 MOBILE PURCHASE NEW YORK NY,-20,513.44,
2024-01-31,Subway 1859 01/30 MOBILE PURCHASE New York NY,-8.87,504.57,
2024-01-31,SQ *MATTO APP 01/30 PURCHASE gosq.com NY,-10,494.57,
2024-01-31,SQ *MATTO APP 01/30 PURCHASE gosq.com NY,-10,484.57,
2024-02-01,MTA*NYCT PAYGO 01/30 MOBILE PURCHASE NEW YORK NY,-2.9,481.67,
2024-02-01,Subway 1859 01/31 MOBILE PURCHASE New York NY,-8.37,473.3,
2024-02-02,SQ *MATTO APP 02/01 PURCHASE gosq.com NY,-10,463.3,
2024-02-02,Duane Reade ST 02/01 MOBILE PURCHASE JERSEY CITY NJ,-1.98,461.32,
2024-02-05,AMAZON GROCE*R27OZ2U40 02/01 PURCHASE SEATTLE WA,-105.69,355.63,
2024-02-05,MTA*NYCT PAYGO 02/02 MOBILE PURCHASE NEW YORK NY,-2.9,352.73,
2024-02-05,AMAZON TIPS*R26KR1JQ1 02/03 PURCHASE SEATTLE WA,-5,347.73,
2024-02-05,BEECHWOOD CAFE 02/03 MOBILE PURCHASE JERSEY CITY NJ,-19.06,328.67,
2024-02-05,SQ *295 GROVE ST 02/03 MOBILE PURCHASE Jersey City NJ,-5,323.67,
2024-02-05,SQ *295 GROVE ST 02/04 MOBILE PURCHASE Jersey City NJ,-5,318.67,
2024-02-05,SQ *295 GROVE ST 02/04 MOBILE PURCHASE Jersey City NJ,-4.75,313.92,
2024-02-06,SQ *295 GROVE ST 02/05 MOBILE PURCHASE Jersey City NJ,-6,307.92,
2024-02-06,NYU HEALTH CTR 02/06 MOBILE PURCHASE NEW YORK NY,-15,292.92,
2024-02-06,NYU HEALTH CTR 02/06 MOBILE PURCHASE NEW YORK NY,-5.99,286.93,
2024-02-07,SQ *MATTO APP 02/06 PURCHASE gosq.com NY,-15,271.93,
2024-02-08,KARAKATTA 02/06 MOBILE PURCHASE NEW YORK NY,-25.7,246.23,
2024-02-08,SQ *295 GROVE ST 02/07 MOBILE PURCHASE Jersey City NJ,-5,241.23,
2024-02-08,SQ *FOGON-MEXICAN-PERUV 02/07 MOBILE PURCHASE New York NY,-14.13,227.1,
2024-02-09,SQ *295 GROVE ST 02/08 MOBILE PURCHASE Jersey City NJ,-5,222.1,
2024-02-09,APPLE.COM/BILL 02/08 PURCHASE 866-712-7753 CA,-21.31,200.79,
2024-02-09,SQ *295 GROVE ST 02/08 MOBILE PURCHASE Jersey City NJ,-4.75,196.04,
2024-02-09,SQ *MATTO APP 02/08 PURCHASE gosq.com NY,-10,186.04,
2024-02-09,SQ *COLOMBA BAKERY 02/08 MOBILE PURCHASE New York NY,-17.96,168.08,
2024-02-09,MCDONALD'S F10407 02/08 MOBILE PURCHASE NEW YORK NY,-4.13,163.95,
2024-02-09,ANDY'S DELI 02/09 MOBILE PURCHASE NEW YORK NY,-6,157.95,
2024-02-12,Online Banking transfer from SAV 0485 Confirmation# XXXXX23840,500,657.95,
2024-02-12,SWEETGREEN ASTOR PLACE 02/09 MOBILE PURCHASE NEW YORK NY,-15.94,642.01,
2024-02-12,MACHI MACHI (KIOSK) 02/09 MOBILE PURCHASE XXX-XX305592 IL,-7.68,634.33,
2024-02-12,MTA*NYCT PAYGO 02/09 MOBILE PURCHASE NEW YORK NY,-2.9,631.43,
2024-02-12,SQ *5IVE SPICE 02/10 MOBILE PURCHASE New York NY,-40.91,590.52,
2024-02-12,MTA*PATH SMART 02/10 PURCHASE NEW YORK NY,-26,564.52,
2024-02-12,SQ *295 GROVE ST 02/11 MOBILE PURCHASE Jersey City NJ,-5,559.52,
2024-02-12,STAPLES 1106 02/12 MOBILE PURCHASE NEW YORK NY,-6.52,553,
2024-02-13,McDonalds 13654 02/11 PURCHASE JERSEY CITY NJ,-11.4,541.6,
2024-02-13,VERIZON*RECURRING PAY 02/12 PURCHASE 800-VERIZON FL,-89.99,451.61,
2024-02-13,SQ *295 GROVE ST 02/12 MOBILE PURCHASE Jersey City NJ,-5,446.61,
2024-02-13,SQ *FEFO FOOD NY 02/12 MOBILE PURCHASE New York NY,-6.78,439.83,
2024-02-13,Duane Reade ST 02/12 MOBILE PURCHASE JERSEY CITY NJ,-2.99,436.84,
2024-02-14,SQ *295 GROVE ST 02/13 MOBILE PURCHASE Jersey City NJ,-5,431.84,
2024-02-15,SQ *295 GROVE ST 02/14 MOBILE PURCHASE Jersey City NJ,-5,426.84,
2024-02-15,SQ *THINK COFFEE MERCER 02/14 MOBILE PURCHASE New York NY,-6.53,420.31,
2024-02-15,Subway 1859 02/14 MOBILE PURCHASE New York NY,-8.37,411.94,
2024-02-15,Duane Reade ST 02/15 MOBILE PURCHASE JERSEY CITY NJ,-1.99,409.95,
2024-02-16,SQ *THINK COFFEE MERCER 02/15 MOBILE PURCHASE New York NY,-6.53,403.42,
2024-02-16,CMSVEND*CV AVENEL 02/15 PURCHASE AVENEL NJ,-2.5,400.92,
2024-02-16,Subway 1859 02/16 MOBILE PURCHASE New York NY,-9.68,391.24,
2024-02-20,SQ *295 GROVE ST 02/16 MOBILE PURCHASE Jersey City NJ,-5,386.24,
2024-02-20,FLIX 02/16 PURCHASE XXX-XX37631 TX,-58.97,327.27,
2024-02-20,STARBUCKS STORE 09722 02/16 MOBILE PURCHASE NEW YORK NY,-14.37,312.9,
2024-02-20,HI BOSTON HOSTEL 139-22 02/16 MOBILE PURCHASE BOSTON MA,-62.89,250.01,
2024-02-20,TST* PAVEMENT COFFEEHOU 02/17 MOBILE PURCHASE Boston MA,-10.44,239.57,
2024-02-20,TBAAR (BROOKLINE) 02/17 MOBILE PURCHASE XXX-XX305592 IL,-6.96,232.61,
2024-02-20,TST* VICTORIA SEAFOOD 02/18 MOBILE PURCHASE Boston MA,-23.22,209.39,
2024-02-20,FLIX 02/18 PURCHASE XXX-XX37631 TX,-72.98,136.41,
2024-02-20,TST* YOKI MEDFORD 02/18 MOBILE PURCHASE MEDFORD MA,-21.19,115.22,
2024-02-20,HI BOSTON HOSTEL 139-22 02/18 PURCHASE BOSTON MA,-59.4,55.82,
2024-02-20,HI BOSTON HOSTEL 139-22 02/18 MOBILE PURCHASE BOSTON MA,-1.5,54.32,
2024-02-20,GREAT 101 BAKERY 02/19 PURCHASE BOSTON MA,-11.5,42.82,
2024-02-20,SQ *295 GROVE ST 02/19 MOBILE PURCHASE Jersey City NJ,-5,37.82,
2024-02-21,SQ *295 GROVE ST 02/20 MOBILE PURCHASE Jersey City NJ,-5,32.82,
2024-02-21,SQ *MATTO APP 02/20 PURCHASE gosq.com NY,-10,22.82,
2024-02-21,Subway 1859 02/21 MOBILE PURCHASE New York NY,-8.37,14.45,
2024-02-21,Monthly Maintenance Fee,-12,2.45,
2024-02-22,SQ *295 GROVE ST 02/21 MOBILE PURCHASE Jersey City NJ,-5,-2.55,
2024-02-22,LinkedIn XXXXX38624 02/21 PURCHASE XXX-XX35653 CA,-20,-22.55,
2024-02-22,OVERDRAFT ITEM FEE FOR ACTIVITY OF 02-22 ELECTRONIC TRANSACTION POSTING DATE 02-22-24 POSTING SEQ 00002,-10,-32.55,
2024-02-26,Online Banking transfer from SAV 0485 Confirmation# XXXXX40470,500,467.45,
2024-02-26,NEW DOWNTOWN LAUNDROMAT 02/24 MOBILE PURCHASE JERSEY CITY NJ,-30,437.45,
2024-02-26,TEN REN TEA AND GINSENG 02/24 MOBILE PURCHASE NEW YORK NY,-6.5,430.95,
2024-02-26,SQ *295 GROVE ST 02/25 MOBILE PURCHASE Jersey City NJ,-5,425.95,
2024-02-27,SQ *295 GROVE ST 02/26 MOBILE PURCHASE Jersey City NJ,-5,420.95,
2024-02-28,SQ *MATTO APP 02/27 PURCHASE gosq.com NY,-10,410.95,
2024-02-29,SQ *295 GROVE ST 02/28 MOBILE PURCHASE Jersey City NJ,-4.5,406.45,
2024-03-01,SWEETGREEN ASTOR PLACE 02/28 MOBILE PURCHASE NEW YORK NY,-16.51,389.94,
2024-03-01,SQ *295 GROVE ST 02/29 MOBILE PURCHASE Jersey City NJ,-5,384.94,
2024-03-01,Subway 1859 02/29 MOBILE PURCHASE New York NY,-13.77,371.17,
2024-03-04,SQ *295 GROVE ST 03/01 MOBILE PURCHASE Jersey City NJ,-4.5,366.67,
2024-03-04,SQ *295 GROVE ST 03/02 MOBILE PURCHASE Jersey City NJ,-4.5,362.17,
2024-03-04,SQ *295 GROVE ST 03/02 MOBILE PURCHASE Jersey City NJ,-4,358.17,
2024-03-04,SQ *295 GROVE ST 03/03 MOBILE PURCHASE Jersey City NJ,-4.5,353.67,
2024-03-04,Zelle payment to KONGJIAN WANG for From Calvin: Thanks," Jasper! :)""; Conf# of47czexx""",-40.3,313.37
2024-03-05,AMAZON GROCE*RN13U98Q0 03/03 PURCHASE SEATTLE WA,-152.18,161.19,
2024-03-05,SQ *295 GROVE ST 03/04 MOBILE PURCHASE Jersey City NJ,-4.5,156.69,
2024-03-05,DOWNTOWN PHARMACY 03/04 MOBILE PURCHASE JERSEY CITY NJ,-10.42,146.27,
2024-03-06,APPLE.COM/BILL 03/04 PURCHASE 866-712-7753 CA,-1.06,145.21,
2024-03-06,SQ *295 GROVE ST 03/05 MOBILE PURCHASE JERSEY CITY NJ,-4.5,140.71,
2024-03-06,AMZN MKTP US*RZ2BS5D61 03/05 PURCHASE SEATTLE WA,-23.87,116.84,
2024-03-06,AMAZON TIPS*RN4C094Z2 03/05 PURCHASE SEATTLE WA,-5,111.84,
2024-03-06,NYU HEALTH CTR 03/06 MOBILE PURCHASE NEW YORK NY,-51.9,59.94,
2024-03-07,B 18 COFFEE 03/05 MOBILE PURCHASE JERSEY CITY NJ,-7.62,52.32,
2024-03-07,SQ *295 GROVE ST 03/06 MOBILE PURCHASE Jersey City NJ,-4.5,47.82,
2024-03-07,SQ *MATTO APP 03/06 PURCHASE gosq.com NY,-10,37.82,
2024-03-07,CMSVEND*CV AVENEL 03/06 PURCHASE AVENEL NJ,-2.5,35.32,
2024-03-07,Subway 1859 03/06 MOBILE PURCHASE New York NY,-8.37,26.95,
2024-03-07,Duane Reade ST 03/06 MOBILE PURCHASE JERSEY CITY NJ,-1.99,24.96,
2024-03-07,NYU HEALTH CTR 03/07 MOBILE PURCHASE NEW YORK NY,-15,9.96,
2024-03-08,Online Banking transfer from SAV 0485 Confirmation# XXXXX05647,500,509.96,
2024-03-08,SQ *THINK COFFEE MERCER 03/07 MOBILE PURCHASE New York NY,-5.67,504.29,
2024-03-08,CANTEEN VENDING 03/07 PURCHASE AVENEL NJ,-2.5,501.79,
2024-03-11,SQ *295 GROVE ST 03/09 MOBILE PURCHASE Jersey City NJ,-5,496.79,
2024-03-11,CMSVEND*CV AVENEL 03/09 MOBILE PURCHASE AVENEL NJ,-1.5,495.29,
2024-03-11,RAMEN TAKUMI 03/09 MOBILE PURCHASE NEW YORK NY,-25.7,469.59,
2024-03-11,SQ *295 GROVE ST 03/10 MOBILE PURCHASE Jersey City NJ,-4.5,465.09,
2024-03-11,SQ *295 GROVE ST 03/10 MOBILE PURCHASE Jersey City NJ,-4.75,460.34,
2024-03-11,MTA*PATH SMART 03/10 PURCHASE NEW YORK NY,-26,434.34,
2024-03-11,SQ *MATTO APP 03/10 PURCHASE gosq.com NY,-10,424.34,
2024-03-11,SQ *SHAKE SHACK 03/10 MOBILE PURCHASE Jersey City NJ,-15.83,408.51,
2024-03-12,McDonalds 13654 03/10 PURCHASE JERSEY CITY NJ,-6.39,402.12,
2024-03-12,SQ *295 GROVE ST 03/11 MOBILE PURCHASE Jersey City NJ,-5.5,396.62,
2024-03-12,SQ *THINK COFFEE MERCER 03/11 MOBILE PURCHASE New York NY,-4.9,391.72,
2024-03-13,SWEETGREEN ASTOR PLACE 03/11 MOBILE PURCHASE NEW YORK NY,-16.82,374.9,
2024-03-13,VZWRLSS*APOCC VISN 03/12 PURCHASE 800-922-0204 FL,-179.22,195.68,
2024-03-13,APPLE.COM/BILL 03/12 PURCHASE 866-712-7753 CA,-21.31,174.37,
2024-03-13,SQ *THINK COFFEE MERCER 03/12 MOBILE PURCHASE New York NY,-4.08,170.29,
2024-03-13,Zelle payment to FENGMING JIANG Conf# kx03moijm,-12,158.29,
2024-03-13,Zelle payment to FENGMING JIANG Conf# n7mtpr994,-1,157.29,
2024-03-14,Online Banking transfer from SAV 0485 Confirmation# XXXXX61515,500,657.29,
2024-03-14,MTA*NYCT PAYGO 03/12 MOBILE PURCHASE NEW YORK NY,-2.9,654.39,
2024-03-14,TST* FRESH & CO - 729 B 03/12 MOBILE PURCHASE NEW YORK NY,-14.43,639.96,
2024-03-14,McDonalds 13654 03/12 PURCHASE JERSEY CITY NJ,-16.51,623.45,
2024-03-14,SQ *295 GROVE ST 03/13 MOBILE PURCHASE Jersey City NJ,-5,618.45,
2024-03-14,SQ *SHAKE SHACK 03/13 MOBILE PURCHASE Jersey City NJ,-7.99,610.46,
2024-03-15,MTA*NYCT PAYGO 03/13 MOBILE PURCHASE NEW YORK NY,-2.9,607.56,
2024-03-15,SWEETGREEN ASTOR PLACE 03/13 MOBILE PURCHASE NEW YORK NY,-16.28,591.28,
2024-03-15,SQ *295 GROVE ST 03/14 MOBILE PURCHASE JERSEY CITY NJ,-4.5,586.78,
2024-03-15,KARAKATTA 03/14 MOBILE PURCHASE NEW YORK NY,-48.82,537.96,
2024-03-15,Duane Reade ST 03/14 MOBILE PURCHASE JERSEY CITY NJ,-1.99,535.97,
2024-03-15,Zelle payment to BOLIN XIAO for Amazon fresh," thx""; Conf# nwulz2x8g""",-18.5,517.47
2024-03-18,TST* FRESH & CO - 729 B 03/14 MOBILE PURCHASE NEW YORK NY,-14.43,503.04,
2024-03-18,SQ *295 GROVE ST 03/15 MOBILE PURCHASE Jersey City NJ,-10,493.04,
2024-03-18,SWEETGREEN ASTOR PLACE 03/15 MOBILE PURCHASE NEW YORK NY,-15.73,477.31,
2024-03-18,WWW.SWEETGREEN.COM 03/15 PURCHASE HTTPSWWW.SWEE CA,-15.73,461.58,
2024-03-18,SQ *CAFE LYRIA 03/16 MOBILE PURCHASE New York NY,-5.99,455.59,
2024-03-18,TST* BOTANICA BAR 03/16 MOBILE PURCHASE NEW YORK NY,-14.38,441.21,
2024-03-18,SQ *SHAKE SHACK 03/16 MOBILE PURCHASE Jersey City NJ,-21.29,419.92,
2024-03-18,SQ *295 GROVE ST 03/17 MOBILE PURCHASE Jersey City NJ,-5,414.92,
2024-03-18,SQ *295 GROVE ST 03/17 MOBILE PURCHASE Jersey City NJ,-4.75,410.17,
2024-03-18,"Zelle payment to Zihao Wang for FIOS""; Conf# l7mhyrouk""",-30,380.17,
2024-03-18,"Zelle payment to Zihao Wang for PSEG Feb""; Conf# koc0p0vqk""",-297.02,83.15,
2024-03-19,SQ *295 GROVE ST 03/18 MOBILE PURCHASE Jersey City NJ,-5,78.15,
2024-03-19,SQ *295 GROVE ST 03/18 MOBILE PURCHASE Jersey City NJ,-4.75,73.4,
2024-03-19,STARBUCKS 07403 03/18 MOBILE PURCHASE NEW YORK NY,-8.11,65.29,
2024-03-20,Online Banking transfer from SAV 0485 Confirmation# XXXXX07045,400,465.29,
2024-03-20,TST* FRIEDMANS - HELLS 03/18 PURCHASE New York NY,-63.44,401.85,
2024-03-21,Duane Reade ST 03/20 MOBILE PURCHASE JERSEY CITY NJ,-11.26,390.59,
2024-03-21,Monthly Maintenance Fee,-12,378.59,
2024-03-22,SALEM HALAL MEAT&GROCER 03/21 MOBILE PURCHASE JERSEY CITY NJ,-1.66,376.93,
2024-03-22,SQ *295 GROVE ST 03/21 MOBILE PURCHASE Jersey City NJ,-4.5,372.43,
2024-03-22,SQ *MATTO APP 03/21 PURCHASE gosq.com NY,-10,362.43,
2024-03-22,LinkedIn Pre XXXXX28855 03/21 PURCHASE XXX-XX35653 CA,-39.99,322.44,
2024-03-22,Subway 1859 03/22 MOBILE PURCHASE New York NY,-9.68,312.76,
2024-03-22,Duane Reade ST 03/22 MOBILE PURCHASE JERSEY CITY NJ,-4.49,308.27,
2024-03-25,TST* FRESH & CO - 729 B 03/21 MOBILE PURCHASE NEW YORK NY,-14.98,293.29,
2024-03-25,SQ *295 GROVE ST 03/22 MOBILE PURCHASE Jersey City NJ,-5.5,287.79,
2024-03-25,TST* FRESH & CO - 729 B 03/22 MOBILE PURCHASE NEW YORK NY,-14.95,272.84,
2024-03-25,Muji - Cooper Square 03/22 MOBILE PURCHASE NEW YORK NY,-6.9,265.94,
2024-03-25,NYU BOOKSTORE #2015 03/22 MOBILE PURCHASE NEW YORK NY,-3.04,262.9,
2024-03-25,NYU BOOKSTORE #2015 03/22 MOBILE PURCHASE NEW YORK NY,-10.83,252.07,
2024-03-25,AMAZON RET* XXX-XX3255 03/22 PURCHASE WWW.AMAZON.CO WA,-6.34,245.73,
2024-03-25,KARAKATTA 03/22 PURCHASE NEW YORK NY,-28.74,216.99,
2024-03-25,SQ *295 GROVE ST 03/23 MOBILE PURCHASE Jersey City NJ,-4.5,212.49,
2024-03-25,OPENAI 03/23 PURCHASE HTTPSOPENAI.C CA,-10,202.49,
2024-03-25,MTA*NYCT PAYGO 03/24 MOBILE PURCHASE NEW YORK NY,-2.9,199.59,
2024-03-25,"Zelle payment to ANASTASIA HUTNICK for From Calvin""; Conf# rqnozcxkc""",-31.37,168.22,
2024-03-25,SQ *OASIS CAFE 03/24 MOBILE PURCHASE New York NY,-5.84,162.38,
2024-03-25,MTA*NYCT PAYGO 03/24 MOBILE PURCHASE NEW YORK NY,-2.9,159.48,
2024-03-26,Online Banking transfer from SAV 0485 Confirmation# XXXXX59100,"2,387.57","2,547.05",
2024-03-26,Online scheduled transfer from SAV 0485 Confirmation# XXXXX45325,500,"3,047.05",
2024-03-26,SQ *295 GROVE ST 03/25 MOBILE PURCHASE Jersey City NJ,-5.5,"3,041.55",
2024-03-26,"Zelle payment to Jialin Gan for From Calvin""; Conf# m00n1bg9t""",-255.23,"2,786.32",
2024-03-27,AMAZON GROCE*RA6RS1AP2 03/25 PURCHASE SEATTLE WA,-82.5,"2,703.82",
2024-03-27,AMZN MKTP US*RH72C1DY1 03/26 PURCHASE SEATTLE WA,-10.65,"2,693.17",
2024-03-27,AMZN MKTP US*RH3TL2SL1 03/26 PURCHASE SEATTLE WA,-14.92,"2,678.25",
2024-03-27,SQ *295 GROVE ST 03/26 MOBILE PURCHASE Jersey City NJ,-6.5,"2,671.75",
2024-03-27,WEST 9TH FINEST DELI LL 03/26 MOBILE PURCHASE NEW YORK NY,-1.99,"2,669.76",
2024-03-28,AMZN MKTP US*LU1738BK3 03/26 PURCHASE SEATTLE WA,-31.44,"2,638.32",
2024-03-28,TST* FRESH & CO - 729 B 03/26 MOBILE PURCHASE NEW YORK NY,-13.23,"2,625.09",
2024-03-28,AMAZON TIPS*N35G801L3 03/27 PURCHASE SEATTLE WA,-5,"2,620.09",
2024-03-28,AMAZON RET* XXX-XX4633 03/27 PURCHASE WWW.AMAZON.CO WA,-10.51,"2,609.58",
2024-03-28,SQ *295 GROVE ST 03/27 MOBILE PURCHASE Jersey City NJ,-4.5,"2,605.08",
2024-03-28,SQ *THINK COFFEE MERCER 03/27 MOBILE PURCHASE New York NY,-5.72,"2,599.36",
2024-03-28,Online Banking transfer to SAV 0485 Confirmation# XXXXX30716,-15,"2,584.36",
2024-03-28,Bank of America Credit Card Bill Payment,-35,"2,549.36",
2024-03-29,TST* FRESH & CO - 729 B 03/27 MOBILE PURCHASE NEW YORK NY,-15.98,"2,533.38",
2024-03-29,NYU STARBUCKS CAFE 03/27 MOBILE PURCHASE NEW YORK NY,-4.3,"2,529.08",
2024-03-29,HEAVENLY MARKET & CAFE 03/27 MOBILE PURCHASE NEW YORK NY,-5.78,"2,523.30",
2024-03-29,SQ *295 GROVE ST 03/28 MOBILE PURCHASE Jersey City NJ,-5,"2,518.30",
2024-03-29,WEST 9TH FINEST DELI LL 03/28 MOBILE PURCHASE NEW YORK NY,-1.3,"2,517.00",
2024-03-29,SQ *MATTO APP 03/28 PURCHASE gosq.com NY,-10,"2,507.00",
2024-03-29,Subway 1859 03/28 MOBILE PURCHASE New York NY,-9.68,"2,497.32",
2024-03-29,Duane Reade ST 03/28 MOBILE PURCHASE JERSEY CITY NJ,-2.69,"2,494.63",
2024-03-29,MTA*PATH SMART 03/29 PURCHASE NEW YORK NY,-26,"2,468.63",
2024-04-01,TST* FRESH & CO - 729 B 03/28 MOBILE PURCHASE NEW YORK NY,-13.47,"2,455.16",
2024-04-01,RUI TEA 03/28 MOBILE PURCHASE XXX-XX305592 IL,-6.5,"2,448.66",
2024-04-01,SQ *295 GROVE ST 03/29 MOBILE PURCHASE Jersey City NJ,-5.5,"2,443.16",
2024-04-01,SALEM HALAL MEAT&GROCER 03/29 MOBILE PURCHASE JERSEY CITY NJ,-1.11,"2,442.05",
2024-04-01,SQ *MATTO APP 03/29 PURCHASE gosq.com NY,-10,"2,432.05",
2024-04-01,SQ *295 GROVE ST 03/30 MOBILE PURCHASE Jersey City NJ,-5,"2,427.05",
2024-04-01,SQ *295 GROVE ST 03/30 MOBILE PURCHASE Jersey City NJ,-4.75,"2,422.30",
2024-04-01,SQ *SHAKE SHACK 03/30 MOBILE PURCHASE New York NY,-23.43,"2,398.87",
2024-04-01,SQ *295 GROVE ST 03/31 MOBILE PURCHASE Jersey City NJ,-5.5,"2,393.37",
2024-04-02,SQ *295 GROVE ST 04/01 MOBILE PURCHASE Jersey City NJ,-7.5,"2,385.87",
2024-04-02,AMZN Mktp US*RA7CD2D01 04/01 PURCHASE Amzn.com/bill WA,-6.98,"2,378.89",
2024-04-03,AMZN Mktp US*RA3OM8221 04/01 PURCHASE Amzn.com/bill WA,-13.91,"2,364.98",
2024-04-03,SQ *295 GROVE ST 04/02 MOBILE PURCHASE Jersey City NJ,-9,"2,355.98",
2024-04-03,CMSVEND*CV AVENEL 04/02 MOBILE PURCHASE AVENEL NJ,-3,"2,352.98",
2024-04-03,Subway 1859 04/02 MOBILE PURCHASE New York NY,-8.37,"2,344.61",
2024-04-04,TST* FRESH & CO - 729 B 04/02 MOBILE PURCHASE NEW YORK NY,-15.19,"2,329.42",
2024-04-04,APPLE.COM/BILL 04/03 PURCHASE 866-712-7753 CA,-1.06,"2,328.36",
2024-04-04,SQ *295 GROVE ST 04/03 MOBILE PURCHASE Jersey City NJ,-6.5,"2,321.86",
2024-04-05,TST* FRESH & CO - 729 B 04/03 MOBILE PURCHASE NEW YORK NY,-15.12,"2,306.74",
2024-04-05,TST* FRESH & CO - 729 B 04/03 MOBILE PURCHASE NEW YORK NY,-13.53,"2,293.21",
2024-04-05,SQ *MATTO APP 04/04 PURCHASE gosq.com NY,-10,"2,283.21",
2024-04-05,AMAZON GROCE*1A1KW1DU3 04/03 PURCHASE SEATTLE WA,-101.62,"2,181.59",
2024-04-05,SQ *MATTO APP 04/04 PURCHASE gosq.com NY,-10,"2,171.59",
2024-04-08,Online Banking transfer from SAV 0485 Confirmation# XXXXX60257,"1,000.00","3,171.59",
2024-04-08,TST* FRESH & CO - 729 B 04/04 MOBILE PURCHASE NEW YORK NY,-15.12,"3,156.47",
2024-04-08,AMAZON TIPS*895K305M3 04/05 PURCHASE SEATTLE WA,-5,"3,151.47",
2024-04-08,SQ *295 GROVE ST 04/05 MOBILE PURCHASE Jersey City NJ,-4.5,"3,146.97",
2024-04-08,MTA*NYCT PAYGO 04/06 MOBILE PURCHASE NEW YORK NY,-2.9,"3,144.07",
2024-04-08,SQ *295 GROVE ST 04/07 MOBILE PURCHASE Jersey City NJ,-4,"3,140.07",
2024-04-08,TST* GREGORY'S COFFEE - 04/07 MOBILE PURCHASE JERSEY CITY NJ,-5.28,"3,134.79",
2024-04-08,Duane Reade ST 04/07 MOBILE PURCHASE JERSEY CITY NJ,-4.79,"3,130.00",
2024-04-08,APPLE COM BILL 04/08 PURCHASE CUPERTINO CA,-21.31,"3,108.69",
2024-04-09,SQ *295 GROVE ST 04/08 MOBILE PURCHASE Jersey City NJ,-4,"3,104.69",
2024-04-09,YSI*Grand LHN II Urban 04/08 PURCHASE XXX-XX08603 NJ,"-2,013.45","1,091.24",
2024-04-10,CANTEEN VENDING 04/09 MOBILE PURCHASE AVENEL NJ,-2.5,"1,088.74",
2024-04-10,MTA*PATH SMART 04/10 PURCHASE NEW YORK NY,-26,"1,062.74",
2024-04-11,TST* FRESH & CO - 729 B 04/09 MOBILE PURCHASE NEW YORK NY,-13.47,"1,049.27",
2024-04-11,TST* JOE COFFEE - LAGUA 04/09 MOBILE PURCHASE NEW YORK NY,-6.5,"1,042.77",
2024-04-11,SQ *295 GROVE ST 04/10 MOBILE PURCHASE Jersey City NJ,-5,"1,037.77",
2024-04-12,Zelle payment to KEVIN CHAN Conf# or9ths05u,-20,"1,017.77",
2024-04-15,TST* FRESH & CO - 729 B 04/11 MOBILE PURCHASE NEW YORK NY,-13.47,"1,004.30",
2024-04-15,TST* FRESH & CO - 729 B 04/11 MOBILE PURCHASE NEW YORK NY,-13.47,990.83,
2024-04-15,VZWRLSS*APOCC VISN 04/12 PURCHASE 800-922-0204 FL,-179.22,811.61,
2024-04-15,SQ *295 GROVE ST 04/12 MOBILE PURCHASE Jersey City NJ,-9.25,802.36,
2024-04-15,TST* FRESH & CO - 729 B 04/12 MOBILE PURCHASE NEW YORK NY,-13.47,788.89,
2024-04-15,SQ *295 GROVE ST 04/13 MOBILE PURCHASE Jersey City NJ,-4,784.89,
2024-04-15,AMAZON GROCE*QU7GV4VS3 04/13 PURCHASE SEATTLE WA,-121.61,663.28,
2024-04-15,AMZN Mktp US*438KP5BU3 04/13 PURCHASE Amzn.com/bill WA,-6.99,656.29,
2024-04-15,SQ *295 GROVE ST 04/14 MOBILE PURCHASE Jersey City NJ,-3,653.29,
2024-04-15,AMAZON TIPS*RN3MM9R13 04/14 PURCHASE SEATTLE WA,-5,648.29,
2024-04-15,Amazon Prime*P87QZ3W43 04/14 PURCHASE Amzn.com/bill WA,-7.99,640.3,
2024-04-16,SQ *295 GROVE ST 04/15 MOBILE PURCHASE Jersey City NJ,-5,635.3,
2024-04-16,3 DE ICE CREAM 04/15 MOBILE PURCHASE LONG IS CITY NY,-5.64,629.66,
2024-04-16,Duane Reade ST 04/15 MOBILE PURCHASE JERSEY CITY NJ,-2.06,627.6,
2024-04-17,TST* FRESH & CO - 729 B 04/15 MOBILE PURCHASE NEW YORK NY,-13.47,614.13,
2024-04-17,Muji - Cooper Square 04/15 MOBILE PURCHASE NEW YORK NY,-13.8,600.33,
2024-04-17,CANTEEN VENDING 04/16 MOBILE PURCHASE AVENEL NJ,-2.75,597.58,
2024-04-17,Subway 1859 04/17 MOBILE PURCHASE New York NY,-9.68,587.9,
2024-04-17,NYU HEALTH CTR 04/17 MOBILE PURCHASE NEW YORK NY,-20,567.9,
2024-04-18,SQ *295 GROVE ST 04/17 MOBILE PURCHASE Jersey City NJ,-4,563.9,
2024-04-18,UEP*SANSAN CHICKEN 04/17 MOBILE PURCHASE NEW YORK NY,-20.59,543.31,
2024-04-18,NYU HEALTH CTR 04/18 MOBILE PURCHASE NEW YORK NY,-10.61,532.7,
2024-04-19,TST* FRESH & CO - 729 B 04/17 MOBILE PURCHASE NEW YORK NY,-13.47,519.23,
2024-04-19,AMZN Mktp US*RA70R1GC3 04/18 PURCHASE Amzn.com/bill WA,-51.17,468.06,
2024-04-19,SQ *295 GROVE ST 04/18 MOBILE PURCHASE Jersey City NJ,-4,464.06,
2024-04-19,UEP*SANSAN CHICKEN 04/18 MOBILE PURCHASE NEW YORK NY,-15,449.06,
2024-04-19,Duane Reade ST 04/18 MOBILE PURCHASE JERSEY CITY NJ,-3.49,445.57,
2024-04-22,TST* FRESH & CO - 729 B 04/19 MOBILE PURCHASE NEW YORK NY,-0.06,445.51,
2024-04-22,SQ *295 GROVE ST 04/19 MOBILE PURCHASE Jersey City NJ,-4,441.51,
2024-04-22,SQ *295 GROVE ST 04/20 MOBILE PURCHASE Jersey City NJ,-4,437.51,
2024-04-22,AMAZON.COM*201RM4XJ3 04/20 PURCHASE SEATTLE WA,-9.11,428.4,
2024-04-22,AMAZON.COM*CS2N40O23 04/20 PURCHASE SEATTLE WA,-17.9,410.5,
2024-04-22,SQ *DOWNEAST LOBSTAH 04/20 MOBILE PURCHASE Jersey City NJ,-78.39,332.11,
2024-04-22,SQ *EEMAS CUISINE LLC 04/20 MOBILE PURCHASE Jersey City NJ,-8.8,323.31,
2024-04-22,PATH TAPP PAYGO CP 04/20 MOBILE PURCHASE NEW JERSEY NJ,-2.75,320.56,
2024-04-22,SQ *295 GROVE ST 04/21 MOBILE PURCHASE Jersey City NJ,-4,316.56,
2024-04-22,SQ *295 GROVE ST 04/21 MOBILE PURCHASE Jersey City NJ,-4.75,311.81,
2024-04-22,LinkedIn Pre P26008664 04/21 PURCHASE XXX-XX35653 CA,-39.99,271.82,
2024-04-22,Duane Reade ST 04/22 MOBILE PURCHASE JERSEY CITY NJ,-3.49,268.33,
2024-04-22,Monthly Maintenance Fee,-12,256.33,
2024-04-23,Online Banking transfer from SAV 0485 Confirmation# XXXXX70648,300,556.33,
2024-04-23,AMAZON GROCE*OL53R7S93 04/21 PURCHASE SEATTLE WA,-112.23,444.1,
2024-04-23,AMAZON.COM*V09D05X53 04/22 PURCHASE SEATTLE WA,-29.98,414.12,
2024-04-23,SALEM HALAL MEAT&GROCER 04/22 MOBILE PURCHASE JERSEY CITY NJ,-4.43,409.69,
2024-04-23,PATH TAPP PAYGO CP 04/22 MOBILE PURCHASE NEW JERSEY NJ,-2.75,406.94,
2024-04-23,KARAKATTA 04/22 PURCHASE NEW YORK NY,-25.7,381.24,
2024-04-23,3 DE ICE CREAM 04/22 MOBILE PURCHASE LONG IS CITY NY,-5.64,375.6,
2024-04-23,NYU HEALTH CTR 04/23 MOBILE PURCHASE NEW YORK NY,-20,355.6,
2024-04-24,SALEM HALAL MEAT&GROCER 04/23 MOBILE PURCHASE JERSEY CITY NJ,-1.11,354.49,
2024-04-24,SQ *295 GROVE ST 04/23 MOBILE PURCHASE Jersey City NJ,-4.5,349.99,
2024-04-24,AMAZON TIPS*GJ1E71XV3 04/23 PURCHASE SEATTLE WA,-5,344.99,
2024-04-24,NYU HEALTH CTR 04/23 PURCHASE NEW YORK NY,-27.1,317.89,
2024-04-25,AMAZON GROCERY 04/24 REFUND SEATTLE WA,9.58,327.47,
2024-04-25,TST* FRESH & CO - 729 B 04/23 MOBILE PURCHASE NEW YORK NY,-13.47,314,
2024-04-25,SQ *295 GROVE ST 04/24 MOBILE PURCHASE Jersey City NJ,-4,310,
2024-04-25,PATH TAPP PAYGO CP 04/24 MOBILE PURCHASE NEW JERSEY NJ,-2.75,307.25,
2024-04-25,MCDONALD'S F13654 04/24 MOBILE PURCHASE JERSEY CITY NJ,-18.64,288.61,
2024-04-26,TST* FRESH & CO - 729 B 04/24 MOBILE PURCHASE NEW YORK NY,-13.47,275.14,
2024-04-29,PATH TAPP PAYGO CP 04/25 MOBILE PURCHASE NEW JERSEY NJ,-2.75,272.39,
2024-04-29,McDonalds 13654 04/25 PURCHASE JERSEY CITY NJ,-9.04,263.35,
2024-04-29,PATH TAPP PAYGO CP 04/26 MOBILE PURCHASE NEW JERSEY NJ,-2.75,260.6,
2024-04-29,NYU STARBUCKS CAFE 04/26 MOBILE PURCHASE NEW YORK NY,-5.93,254.67,
2024-04-29,KARAKATTA 04/26 PURCHASE NEW YORK NY,-24.41,230.26,
2024-04-29,SQ *295 GROVE ST 04/27 MOBILE PURCHASE Jersey City NJ,-7.75,222.51,
2024-04-29,AMAZON MAR* XXX-XX9735 04/27 PURCHASE HTTPSAMAZON.C WA,-8.52,213.99,
2024-04-29,SQ *295 GROVE ST 04/28 MOBILE PURCHASE Jersey City NJ,-4.5,209.49,
2024-04-29,SQ *295 GROVE ST 04/28 MOBILE PURCHASE Jersey City NJ,-7,202.49,
2024-04-29,SQ *OLIVA 04/28 MOBILE PURCHASE Jersey City NJ,-4.99,197.5,
2024-04-30,BEECHWOOD CAFE 04/28 PURCHASE JERSEY CITY NJ,-28.46,169.04,
2024-04-30,BEECHWOOD CAFE 04/28 PURCHASE JERSEY CITY NJ,-8,161.04,
2024-04-30,PATH TAPP PAYGO CP 04/29 MOBILE PURCHASE NEW JERSEY NJ,-2.75,158.29,
2024-04-30,SQ *295 GROVE ST 04/29 MOBILE PURCHASE Jersey City NJ,-5.5,152.79,
2024-04-30,MUTEKI RAMEN 04/29 MOBILE PURCHASE JERSEY CITY NJ,-25.33,127.46,
2024-05-01,TST* FRESH & CO - 729 B 04/29 MOBILE PURCHASE NEW YORK NY,-13.47,113.99,
2024-05-01,AMZN Mktp US*G06FG5793 04/29 PURCHASE Amzn.com/bill WA,-7.36,106.63,
2024-05-01,AMAZON GROCE*IE9MZ51Q3 04/30 PURCHASE SEATTLE WA,-78.37,28.26,
2024-05-01,SQ *295 GROVE ST 04/30 MOBILE PURCHASE Jersey City NJ,-4,24.26,
2024-05-02,Online Banking transfer from SAV 0485 Confirmation# XXXXX34489,500,524.26,
2024-05-02,TST* FRESH & CO - 729 B 04/30 MOBILE PURCHASE NEW YORK NY,-13.53,510.73,
2024-05-02,AMAZON TIPS*GN49G3JF3 05/01 PURCHASE SEATTLE WA,-5,505.73,
2024-05-03,TST* FRESH & CO - 729 B 05/01 MOBILE PURCHASE NEW YORK NY,-6.73,499,
2024-05-06,SQ *295 GROVE ST 05/03 MOBILE PURCHASE JERSEY CITY NJ,-4.5,494.5,
2024-05-06,TST* FRESH & CO - 729 B 05/03 MOBILE PURCHASE NEW YORK NY,-15.63,478.87,
2024-05-06,SALEM HALAL MEAT&GROCER 05/03 MOBILE PURCHASE JERSEY CITY NJ,-6.08,472.79,
2024-05-06,APPLE.COM/BILL 05/04 PURCHASE 866-712-7753 CA,-6.38,466.41,
2024-05-06,SQ *295 GROVE ST 05/04 MOBILE PURCHASE JERSEY CITY NJ,-4,462.41,
2024-05-06,SQ *295 GROVE ST 05/04 MOBILE PURCHASE JERSEY CITY NJ,-8.75,453.66,
2024-05-06,McDonalds 13654 05/04 PURCHASE JERSEY CITY NJ,-7.13,446.53,
2024-05-06,McDonalds 13654 05/04 PURCHASE JERSEY CITY NJ,-11.81,434.72,
2024-05-07,AMAZON.COM*GW3IH98K3 05/05 PURCHASE SEATTLE WA,-10.64,424.08,
2024-05-07,SQ *295 GROVE ST 05/06 MOBILE PURCHASE Jersey City NJ,-4,420.08,
2024-05-07,FIV*GONG CHA 05/06 MOBILE PURCHASE NEW YORK NY,-7.62,412.46,
2024-05-08,Muji - Cooper Square 05/06 MOBILE PURCHASE NEW YORK NY,-17.68,394.78,
2024-05-08,SQ *295 GROVE ST 05/07 MOBILE PURCHASE Jersey City NJ,-4,390.78,
2024-05-08,EAST FLOUR. 05/07 MOBILE PURCHASE JERSEY CITY NJ,-17.01,373.77,
2024-05-08,D&Y CONTINENTAL FRUIT 05/07 MOBILE PURCHASE JERSEY CITY NJ,-22.36,351.41,
2024-05-09,AMZN Mktp US*T48Y40B53 05/07 PURCHASE Amzn.com/bill WA,-7.45,343.96,
2024-05-09,APPLE.COM/BILL 05/08 PURCHASE 866-712-7753 CA,-21.31,322.65,
2024-05-09,SQ *MATTO APP 05/08 PURCHASE gosq.com NY,-10,312.65,
2024-05-09,NYU HEALTH CTR 05/09 MOBILE PURCHASE NEW YORK NY,-20,292.65,
2024-05-10,TST* FRESH & CO - 729 B 05/08 MOBILE PURCHASE NEW YORK NY,-15.12,277.53,
2024-05-10,TST* SANUKI UDON 05/08 MOBILE PURCHASE New York NY,-17.66,259.87,
2024-05-13,TST* FRESH & CO - 729 B 05/09 MOBILE PURCHASE NEW YORK NY,-15.12,244.75,
2024-05-13,TST* SANUKI UDON 05/10 MOBILE PURCHASE New York NY,-15.78,228.97,
2024-05-13,SQ *295 GROVE ST 05/11 MOBILE PURCHASE JERSEY CITY NJ,-4,224.97,
2024-05-13,RUI TEA 05/11 MOBILE PURCHASE XXX-XX305592 IL,-6.92,218.05,
2024-05-13,McDonalds 13654 05/11 PURCHASE JERSEY CITY NJ,-15.12,202.93,
2024-05-13,PATH TAPP PAYGO CP 05/12 MOBILE PURCHASE NEW JERSEY NJ,-2.75,200.18,
2024-05-13,SQ *295 GROVE ST 05/12 MOBILE PURCHASE Jersey City NJ,-10.25,189.93,
2024-05-13,PATH TAPPPAYGO TAPDRCP 05/12 MOBILE PURCHASE NEW JERSEY NJ,-2.75,187.18,
2024-05-14,GONG CHA-FULTON CENTER 05/12 MOBILE PURCHASE NEW YORK NY,-8.98,178.2,
2024-05-14,McDonalds 13654 05/12 PURCHASE JERSEY CITY NJ,-5.9,172.3,
2024-05-14,PATH TAPP PAYGO CP 05/13 MOBILE PURCHASE NEW JERSEY NJ,-2.75,169.55,
2024-05-14,SQ *MATTO APP 05/13 PURCHASE gosq.com NY,-10,159.55,
2024-05-14,Duane Reade ST 05/14 MOBILE PURCHASE JERSEY CITY NJ,-7.68,151.87,
2024-05-15,NYU STARBUCKS CAFE 05/13 MOBILE PURCHASE NEW YORK NY,-5.93,145.94,
2024-05-15,TST* FRESH & CO - 729 B 05/13 MOBILE PURCHASE NEW YORK NY,-13.47,132.47,
2024-05-15,TST* FRESH & CO - 729 B 05/13 MOBILE PURCHASE NEW YORK NY,-13.47,119,
2024-05-15,McDonalds 13654 05/13 PURCHASE JERSEY CITY NJ,-5.9,113.1,
2024-05-15,SQ *295 GROVE ST 05/14 MOBILE PURCHASE JERSEY CITY NJ,-7.5,105.6,
2024-05-15,PATH TAPP PAYGO CP 05/14 MOBILE PURCHASE NEW JERSEY NJ,-2.75,102.85,
2024-05-15,CMSVEND*CV AVENEL 05/14 MOBILE PURCHASE AVENEL NJ,-8,94.85,
2024-05-15,RUI TEA 05/14 MOBILE PURCHASE XXX-XX305592 IL,-7.7,87.15,
2024-05-15,Amazon Prime*NF7FX7O63 05/14 PURCHASE Amzn.com/bill WA,-7.99,79.16,
2024-05-16,Online Banking transfer from SAV 0485 Confirmation# XXXXX99878,200,279.16,
2024-05-16,SQ *295 GROVE ST 05/15 MOBILE PURCHASE JERSEY CITY NJ,-8.5,270.66,
2024-05-16,SQ *295 GROVE ST 05/15 MOBILE PURCHASE JERSEY CITY NJ,-3,267.66,
2024-05-16,PATH TAPP PAYGO CP 05/15 MOBILE PURCHASE NEW JERSEY NJ,-2.75,264.91,
2024-05-17,TST* FRESH & CO - 729 B 05/15 MOBILE PURCHASE NEW YORK NY,-15.12,249.79,
2024-05-17,TST* SANUKI UDON 05/15 MOBILE PURCHASE New York NY,-16.5,233.29,
2024-05-17,SQ *295 GROVE ST 05/16 MOBILE PURCHASE Jersey City NJ,-5.5,227.79,
2024-05-17,CANTEEN VENDING 05/16 MOBILE PURCHASE AVENEL NJ,-4,223.79,
2024-05-20,Online Banking transfer from SAV 0485 Confirmation# XXXXX61456,100,323.79,
2024-05-20,TST* FRESH & CO - 729 B 05/16 MOBILE PURCHASE NEW YORK NY,-15.12,308.67,
2024-05-20,AMAZON RET* XXX-XX2655 05/16 PURCHASE WWW.AMAZON.CO WA,-22.99,285.68,
2024-05-20,TST* NASLICE 05/16 MOBILE PURCHASE New York NY,-18.07,267.61,
2024-05-20,PATH TAPP PAYGO CP 05/17 MOBILE PURCHASE NEW JERSEY NJ,-2.75,264.86,
2024-05-20,TST* HAPPY DAYS ICE CRE 05/16 MOBILE PURCHASE Jersey City NJ,-10.12,254.74,
2024-05-20,SQ *295 GROVE ST 05/17 MOBILE PURCHASE Jersey City NJ,-4,250.74,
2024-05-20,PATH TAPPPAYGO TAPDRCP 05/17 MOBILE PURCHASE NEW JERSEY NJ,-2.75,247.99,
2024-05-20,SQ *THINK COFFEE MERCER 05/17 MOBILE PURCHASE New York NY,-4.3,243.69,
2024-05-20,TST* FRESH & CO - 729 B 05/17 MOBILE PURCHASE NEW YORK NY,-15.12,228.57,
2024-05-20,SNACK* LAZY SUNDAES 11 05/17 MOBILE PURCHASE XXX-XX682146 CA,-6.71,221.86,
2024-05-20,McDonalds 13654 05/17 PURCHASE JERSEY CITY NJ,-2.65,219.21,
2024-05-20,Duane Reade ST 05/17 MOBILE PURCHASE JERSEY CITY NJ,-4.99,214.22,
2024-05-20,SHAKE SHACK - 1441A 05/17 PURCHASE 646-747-0041 NJ,-11.17,203.05,
2024-05-20,RED FEAST WINE & LIQUOR 05/17 MOBILE PURCHASE JERSEY CITY NJ,-14.92,188.13,
2024-05-20,SQ *295 GROVE ST 05/18 MOBILE PURCHASE Jersey City NJ,-4,184.13,
2024-05-20,PATH TAPP PAYGO CP 05/18 MOBILE PURCHASE NEW JERSEY NJ,-2.75,181.38,
2024-05-20,HEAVENLY MARKET & CAFE 05/18 MOBILE PURCHASE NEW YORK NY,-1.91,179.47,
2024-05-20,SNACK* LAZY SUNDAES 11 05/18 MOBILE PURCHASE XXX-XX682146 CA,-7.28,172.19,
2024-05-20,MTA*NYCT PAYGO 05/18 MOBILE PURCHASE NEW YORK NY,-2.9,169.29,
2024-05-20,PATH TAPP PAYGO CP 05/18 MOBILE PURCHASE NEW JERSEY NJ,-2.75,166.54,
2024-05-20,DELI PLUS 05/18 MOBILE PURCHASE JERSEY CITY NJ,-21.96,144.58,
2024-05-20,PATH TAPP PAYGO CP 05/18 MOBILE PURCHASE NEW JERSEY NJ,-2.75,141.83,
2024-05-20,EDDIES ICE CREAM CORP 05/19 MOBILE PURCHASE STATEN ISLAND NY,-5.89,135.94,
2024-05-21,Online Banking transfer from SAV 0485 Confirmation# XXXXX25117,"1,000.00","1,135.94",
2024-05-21,Online Banking transfer from SAV 0485 Confirmation# XXXXX34206,878,"2,013.94",
2024-05-21,PRINTWITHME 05/20 PURCHASE XXXXX72118 IL,-0.41,"2,013.53",
2024-05-21,NYWWPAULUSHOOKTOM6018 05/20 PURCHASE WEEHAWKEN NJ,-8.5,"2,005.03",
2024-05-21,Online Banking transfer to SAV 0485 Confirmation# XXXXX86718,-21.21,"1,983.82",
2024-05-22,MTA*NYCT PAYGO 05/20 MOBILE PURCHASE NEW YORK NY,-2.9,"1,980.92",
2024-05-22,MTA*NYCT PAYGO 05/20 MOBILE PURCHASE NEW YORK NY,-2.9,"1,978.02",
2024-05-22,SQ *295 GROVE ST 05/21 MOBILE PURCHASE Jersey City NJ,-4,"1,974.02",
2024-05-22,PATH TAPP PAYGO CP 05/21 MOBILE PURCHASE NEW JERSEY NJ,-2.75,"1,971.27",
2024-05-22,SQ *BLUE BOTTLE COFFEE 05/21 MOBILE PURCHASE New York NY,-3.81,"1,967.46",
2024-05-22,LinkedIn Pre P51369594 05/21 PURCHASE XXX-XX35653 CA,-39.99,"1,927.47",
2024-05-22,Uniqlo USA LLC 05/22 MOBILE PURCHASE New York NY,-84.8,"1,842.67",
2024-05-22,Zelle payment to Ugur Ozkusen Conf# kz5blk8k7,-36,"1,806.67",
2024-05-22,Monthly Maintenance Fee,-12,"1,794.67",
2024-05-23,MTA*NYCT PAYGO 05/21 MOBILE PURCHASE NEW YORK NY,-2.9,"1,791.77",
2024-05-23,AMAZON.COM*4L1Z27SL3 05/21 PURCHASE SEATTLE WA,-723.37,"1,068.40",
2024-05-23,MTA*NYCT PAYGO 05/21 MOBILE PURCHASE NEW YORK NY,-2.9,"1,065.50",
2024-05-23,AMZN Mktp US*LA7EP9BQ3 05/21 PURCHASE Amzn.com/bill WA,-38.37,"1,027.13",
2024-05-23,SQ *295 GROVE ST 05/22 MOBILE PURCHASE Jersey City NJ,-9,"1,018.13",
2024-05-23,SALEM HALAL MEAT&GROCER 05/22 MOBILE PURCHASE JERSEY CITY NJ,-5.2,"1,012.93",
2024-05-23,Duane Reade ST 05/22 MOBILE PURCHASE JERSEY CITY NJ,-11.09,"1,001.84",